[
 {
   "BGD": "bd",
   "BEL": "be",
   "BFA": "bf",
   "BGR": "bg",
   "BIH": "ba",
   "BRB": "bb",
   "WLF": "wf",
   "BLM": "bl",
   "BMU": "bm",
   "BRN": "bn",
   "BOL": "bo",
   "BHR": "bh",
   "BDI": "bi",
   "BEN": "bj",
   "BTN": "bt",
   "JAM": "jm",
   "BVT": "bv",
   "BWA": "bw",
   "WSM": "ws",
   "BES": "bq",
   "BRA": "br",
   "BHS": "bs",
   "JEY": "je",
   "BLR": "by",
   "BLZ": "bz",
   "RUS": "ru",
   "RWA": "rw",
   "SRB": "rs",
   "TLS": "tl",
   "REU": "re",
   "TKM": "tm",
   "TJK": "tj",
   "ROU": "ro",
   "TKL": "tk",
   "GNB": "gw",
   "GUM": "gu",
   "GTM": "gt",
   "SGS": "gs",
   "GRC": "gr",
   "GNQ": "gq",
   "GLP": "gp",
   "JPN": "jp",
   "GUY": "gy",
   "GGY": "gg",
   "GUF": "gf",
   "GEO": "ge",
   "GRD": "gd",
   "GBR": "gb",
   "GAB": "ga",
   "SLV": "sv",
   "GIN": "gn",
   "GMB": "gm",
   "GRL": "gl",
   "GIB": "gi",
   "GHA": "gh",
   "OMN": "om",
   "TUN": "tn",
   "JOR": "jo",
   "HRV": "hr",
   "HTI": "ht",
   "HUN": "hu",
   "HKG": "hk",
   "HND": "hn",
   "HMD": "hm",
   "VEN": "ve",
   "PRI": "pr",
   "PSE": "ps",
   "PLW": "pw",
   "PRT": "pt",
   "SJM": "sj",
   "PRY": "py",
   "IRQ": "iq",
   "PAN": "pa",
   "PYF": "pf",
   "PNG": "pg",
   "PER": "pe",
   "PAK": "pk",
   "PHL": "ph",
   "PCN": "pn",
   "POL": "pl",
   "SPM": "pm",
   "ZMB": "zm",
   "ESH": "eh",
   "EST": "ee",
   "EGY": "eg",
   "ZAF": "za",
   "ECU": "ec",
   "ITA": "it",
   "VNM": "vn",
   "SLB": "sb",
   "ETH": "et",
   "SOM": "so",
   "ZWE": "zw",
   "SAU": "sa",
   "ESP": "es",
   "ERI": "er",
   "MNE": "me",
   "MDA": "md",
   "MDG": "mg",
   "MAF": "mf",
   "MAR": "ma",
   "MCO": "mc",
   "UZB": "uz",
   "MMR": "mm",
   "MLI": "ml",
   "MAC": "mo",
   "MNG": "mn",
   "MHL": "mh",
   "MKD": "mk",
   "MUS": "mu",
   "MLT": "mt",
   "MWI": "mw",
   "MDV": "mv",
   "MTQ": "mq",
   "MNP": "mp",
   "MSR": "ms",
   "IMN": "im",
   "UGA": "ug",
   "TZA": "tz",
   "MYS": "my",
   "MEX": "mx",
   "ISR": "il",
   "FRA": "fr",
   "IOT": "io",
   "SHN": "sh",
   "FIN": "fi",
   "FJI": "fj",
   "FLK": "fk",
   "FSM": "fm",
   "FRO": "fo",
   "NIC": "ni",
   "NLD": "nl",
   "NOR": "no",
   "NAM": "na",
   "VUT": "vu",
   "NCL": "nc",
   "NER": "ne",
   "NFK": "nf",
   "NGA": "ng",
   "NZL": "nz",
   "NPL": "np",
   "NRU": "nr",
   "NIU": "nu",
   "COK": "ck",
   "XKX": "xk",
   "CIV": "ci",
   "CHE": "ch",
   "COL": "co",
   "CHN": "cn",
   "CMR": "cm",
   "CHL": "cl",
   "CCK": "cc",
   "CAN": "ca",
   "COG": "cg",
   "CAF": "cf",
   "COD": "cd",
   "CZE": "cz",
   "CYP": "cy",
   "CXR": "cx",
   "CRI": "cr",
   "CUW": "cw",
   "CPV": "cv",
   "CUB": "cu",
   "SWZ": "sz",
   "SYR": "sy",
   "SXM": "sx",
   "KGZ": "kg",
   "KEN": "ke",
   "SSD": "ss",
   "SUR": "sr",
   "KIR": "ki",
   "KHM": "kh",
   "KNA": "kn",
   "COM": "km",
   "STP": "st",
   "SVK": "sk",
   "KOR": "kr",
   "SVN": "si",
   "PRK": "kp",
   "KWT": "kw",
   "SEN": "sn",
   "SMR": "sm",
   "SLE": "sl",
   "SYC": "sc",
   "KAZ": "kz",
   "CYM": "ky",
   "SGP": "sg",
   "SWE": "se",
   "SDN": "sd",
   "DOM": "do",
   "DMA": "dm",
   "DJI": "dj",
   "DNK": "dk",
   "VGB": "vg",
   "DEU": "de",
   "YEM": "ye",
   "DZA": "dz",
   "USA": "us",
   "URY": "uy",
   "MYT": "yt",
   "UMI": "um",
   "LBN": "lb",
   "LCA": "lc",
   "LAO": "la",
   "TUV": "tv",
   "TWN": "tw",
   "TTO": "tt",
   "TUR": "tr",
   "LKA": "lk",
   "LIE": "li",
   "LVA": "lv",
   "TON": "to",
   "LTU": "lt",
   "LUX": "lu",
   "LBR": "lr",
   "LSO": "ls",
   "THA": "th",
   "ATF": "tf",
   "TGO": "tg",
   "TCD": "td",
   "TCA": "tc",
   "LBY": "ly",
   "VAT": "va",
   "VCT": "vc",
   "ARE": "ae",
   "AND": "ad",
   "ATG": "ag",
   "AFG": "af",
   "AIA": "ai",
   "VIR": "vi",
   "ISL": "is",
   "IRN": "ir",
   "ARM": "am",
   "ALB": "al",
   "AGO": "ao",
   "ATA": "aq",
   "ASM": "as",
   "ARG": "ar",
   "AUS": "au",
   "AUT": "at",
   "ABW": "aw",
   "IND": "in",
   "ALA": "ax",
   "AZE": "az",
   "IRL": "ie",
   "IDN": "id",
   "UKR": "ua",
   "QAT": "qa",
   "MOZ": "mz"
 }
]